MilestoneID,ParticipantID,MilestoneTitle,MilestoneCategory,MilestoneDate
1,1,AA in Art & Design,Post Secondary Education,3/7/25
2,1,Clinical Data Coordinator,STEAM Job,11/3/24
3,2,Middle School Diploma,Schooling,8/29/22
4,2,Published Project,Project,11/13/22
5,3,High School Diploma,Schooling,5/2/25
6,4,Mentorship Program,Internship/Mentorship,6/26/23
7,4,Internship,Internship/Mentorship,9/28/22
8,4,BS in Information Systems,Post Secondary Education,1/21/24
9,5,High School Diploma,Schooling,12/31/23
10,6,Junior QA Tester,STEAM Job,6/2/29
11,7,Middle School Diploma,Schooling,10/18/25
12,7,Product Designer,STEAM Job,2/2/32
13,8,Published Project,Project,5/6/24
14,9,BA in Studio Arts,Post Secondary Education,11/13/29
15,9,High School Diploma,Schooling,11/13/26
16,10,AA in Art & Design,Post Secondary Education,2/15/22
17,10,Systems Analyst,STEAM Job,7/19/22
18,10,IT Help Desk Trainee,STEAM Job,2/4/22
19,11,Published Project,Project,7/27/23
20,11,Product Designer,STEAM Job,5/1/33
21,12,High School Diploma,Schooling,9/21/23
22,12,Internship,Internship/Mentorship,1/11/24
23,13,Digital Illustration Certificate,Award/Certificate,8/10/23
24,14,High School Diploma,Schooling,10/9/22
25,15,Competition Award,Award/Certificate,1/3/24
26,16,Customer Support Rep,Non-STEAM Job,11/9/25
27,17,Competition Award,Award/Certificate,3/19/23
28,18,Digital Illustration Certificate,Award/Certificate,2/4/28
29,19,Competition Award,Award/Certificate,10/31/22
30,20,BS in Information Systems,Post Secondary Education,10/19/22
31,21,MFA in Studio Arts,Post Secondary Education,9/10/24
32,22,Internship,Internship/Mentorship,3/28/25
33,23,High School Diploma,Schooling,11/25/23
34,24,Data Analytics Certificate,Award/Certificate,4/12/23
35,24,Customer Support Rep,Non-STEAM Job,3/12/22
36,25,Customer Support Rep,Non-STEAM Job,7/29/25
37,26,Internship,Internship/Mentorship,9/2/23
38,27,Internship,Internship/Mentorship,11/2/23
39,27,BS in Information Systems,Post Secondary Education,3/11/24
40,28,Internship,Internship/Mentorship,6/16/23
41,29,Camp Counselor,Non-STEAM Job,7/16/25
42,30,Published Project,Project,1/26/24
43,31,BA in Studio Arts,Post Secondary Education,6/2/33
44,31,Data Analytics Certificate,Award/Certificate,6/2/31
45,32,High School Diploma,Schooling,4/9/23
46,33,AA in Art & Design,Post Secondary Education,7/31/28
47,34,AAS in Drafting & Design,Post Secondary Education,8/22/25
48,35,BS in Mechanical Engineering,Post Secondary Education,12/16/32
49,36,Middle School Diploma,Schooling,1/28/26
50,36,AAS in Drafting & Design,Post Secondary Education,4/1/25
51,37,Studio Assistant,STEAM Job,3/5/25
52,38,Web Development Certificate,Award/Certificate,3/6/26
53,39,Middle School Diploma,Schooling,8/14/23
54,40,Competition Award,Award/Certificate,2/9/26
55,41,Middle School Diploma,Schooling,9/30/24
56,42,MBA,Post Secondary Education,4/1/22
57,43,Internship,Internship/Mentorship,12/2/23
58,44,AA in Art & Design,Post Secondary Education,11/20/24
59,44,Middle School Diploma,Schooling,11/10/24
60,45,Published Project,Project,2/2/26
61,46,Mentorship Program,Internship/Mentorship,1/14/26
62,47,Camp Counselor,Non-STEAM Job,8/9/25
63,47,AA in Art & Design,Post Secondary Education,8/28/26
64,47,Published Project,Project,3/3/25
65,48,High School Diploma,Schooling,5/3/25
66,49,Clinical Data Coordinator,STEAM Job,6/2/29
67,49,Published Project,Project,3/24/22
68,50,Clinical Data Coordinator,STEAM Job,7/15/31
69,50,Retail Assistant,Non-STEAM Job,6/9/24
70,51,Mentorship Program,Internship/Mentorship,5/4/24
71,51,Competition Award,Award/Certificate,9/1/23
72,52,Camp Counselor,Non-STEAM Job,9/4/23
73,52,MFA in Studio Arts,Post Secondary Education,1/2/36
74,53,IT Help Desk Trainee,STEAM Job,5/30/24
75,53,Middle School Diploma,Schooling,8/29/24
76,54,Systems Analyst,STEAM Job,4/30/28
77,55,BA in Studio Arts,Post Secondary Education,11/22/24
78,56,Lifeguard,Non-STEAM Job,11/11/25
79,57,Middle School Diploma,Schooling,4/28/23
80,57,Competition Award,Award/Certificate,8/26/23
81,58,Internship,Internship/Mentorship,10/10/24
82,58,BA in Studio Arts,Post Secondary Education,11/23/22
83,59,Internship,Internship/Mentorship,4/5/24
84,60,Competition Award,Award/Certificate,12/25/22
85,61,Middle School Diploma,Schooling,10/10/25
86,62,AS in Information Systems,Post Secondary Education,4/2/26
87,63,Studio Assistant,STEAM Job,11/30/27
88,64,BS in Data Analytics,Post Secondary Education,5/7/33
89,64,Published Project,Project,12/16/25
90,65,Customer Support Rep,Non-STEAM Job,4/25/23
91,66,Mentorship Program,Internship/Mentorship,9/20/25
92,67,Middle School Diploma,Schooling,11/19/22
93,68,MBA,Post Secondary Education,7/18/27
94,68,Mentorship Program,Internship/Mentorship,4/17/26
95,69,AS in Computer Science,Post Secondary Education,12/6/22
96,70,Middle School Diploma,Schooling,11/26/25
97,71,Competition Award,Award/Certificate,5/19/23
98,71,Published Project,Project,11/20/23
99,72,AAS in Drafting & Design,Post Secondary Education,2/21/24
100,73,Web Development Certificate,Award/Certificate,4/2/32
101,74,MS in Information Systems,Post Secondary Education,10/12/26
102,75,High School Diploma,Schooling,8/23/30
103,76,Competition Award,Award/Certificate,1/19/26
104,76,Middle School Diploma,Schooling,12/8/25
105,76,MBA,Post Secondary Education,8/23/27
106,78,Product Designer,STEAM Job,3/15/32
107,79,Web Development Certificate,Award/Certificate,10/24/30
108,79,Lab Assistant,STEAM Job,10/24/29
109,79,Middle School Diploma,Schooling,10/24/25
110,80,Mentorship Program,Internship/Mentorship,10/31/25
111,81,Middle School Diploma,Schooling,10/31/23
112,82,Data Analyst,STEAM Job,7/11/33
113,83,Mentorship Program,Internship/Mentorship,3/15/23
114,84,MS in Information Systems,Post Secondary Education,6/4/26
115,84,Published Project,Project,6/18/26
116,85,Published Project,Project,4/29/23
117,86,Studio Assistant,STEAM Job,2/11/23
118,87,Competition Award,Award/Certificate,6/29/24
119,88,Published Project,Project,3/14/24
120,89,High School Diploma,Schooling,10/1/29
121,90,Digital Illustration Certificate,Award/Certificate,1/11/30
122,90,Camp Counselor,Non-STEAM Job,7/12/22
123,91,BS in Computer Science,Post Secondary Education,5/13/23
124,92,MFA in Studio Arts,Post Secondary Education,1/15/25
125,93,Internship,Internship/Mentorship,8/15/25
126,93,Junior Art Assistant,STEAM Job,4/20/25
127,93,BS in Data Analytics,Post Secondary Education,8/9/26
128,94,Mentorship Program,Internship/Mentorship,5/22/25
129,94,Web Development Certificate,Award/Certificate,5/22/27
130,94,AAS in Drafting & Design,Post Secondary Education,5/22/27
131,95,BA in Studio Arts,Post Secondary Education,9/28/25
132,95,Internship,Internship/Mentorship,4/17/22
133,96,Mentorship Program,Internship/Mentorship,6/7/22
134,97,IT Support Certificate,Award/Certificate,11/19/30
135,98,IT Support Certificate,Award/Certificate,10/26/25
136,99,Internship,Internship/Mentorship,2/20/23
137,100,High School Diploma,Schooling,2/15/30
138,101,Published Project,Project,7/28/23
139,102,IT Help Desk Trainee,STEAM Job,8/17/23
140,103,Data Analyst,STEAM Job,1/15/27
141,104,Camp Counselor,Non-STEAM Job,9/18/23
142,104,IT Support Certificate,Award/Certificate,9/2/29
143,105,Middle School Diploma,Schooling,4/25/24
144,106,BS in Data Analytics,Post Secondary Education,3/7/31
145,107,IT Help Desk Trainee,STEAM Job,2/27/25
146,108,Published Project,Project,1/9/25
147,108,Internship,Internship/Mentorship,12/26/24
148,109,Product Designer,STEAM Job,11/30/23
149,110,Published Project,Project,11/7/25
150,110,Competition Award,Award/Certificate,1/19/26
151,111,Digital Illustration Certificate,Award/Certificate,3/31/26
152,111,MBA,Post Secondary Education,11/8/25
153,112,Web Development Certificate,Award/Certificate,9/29/32
154,112,AS in Information Systems,Post Secondary Education,9/29/32
155,112,Middle School Diploma,Schooling,9/29/27
156,113,Clinical Data Coordinator,STEAM Job,7/2/31
157,114,BS in Information Systems,Post Secondary Education,2/10/31
158,115,Lab Assistant,STEAM Job,9/7/28
159,116,IT Support Certificate,Award/Certificate,4/16/25
160,117,BS in Information Systems,Post Secondary Education,1/14/33
161,118,Published Project,Project,2/6/24
162,119,Systems Analyst,STEAM Job,10/16/22
163,120,Internship,Internship/Mentorship,7/17/22
164,120,Junior QA Tester,STEAM Job,3/14/25
165,120,Published Project,Project,12/8/23
166,121,Clinical Data Coordinator,STEAM Job,1/23/22
167,122,High School Diploma,Schooling,5/15/25
168,123,BS in Data Analytics,Post Secondary Education,2/6/25
169,123,Mentorship Program,Internship/Mentorship,8/31/25
170,124,Published Project,Project,4/28/22
171,124,Competition Award,Award/Certificate,8/3/22
172,124,Mentorship Program,Internship/Mentorship,3/11/22
173,125,High School Diploma,Schooling,7/6/26
174,126,Camp Counselor,Non-STEAM Job,9/11/25
175,126,High School Diploma,Schooling,1/14/26
176,126,Web Development Certificate,Award/Certificate,4/14/26
177,127,Competition Award,Award/Certificate,6/15/25
178,127,Retail Assistant,Non-STEAM Job,7/11/25
179,128,Published Project,Project,1/12/25
180,129,High School Diploma,Schooling,4/5/24
181,130,Data Analyst,STEAM Job,8/8/26
182,131,Internship,Internship/Mentorship,2/21/25
183,132,Retail Assistant,Non-STEAM Job,8/3/23
184,133,Data Analyst,STEAM Job,12/6/26
185,133,Junior Art Assistant,STEAM Job,4/16/23
186,134,Published Project,Project,12/28/23
187,135,Retail Assistant,Non-STEAM Job,5/18/25
188,135,Published Project,Project,1/29/25
189,137,Web Development Certificate,Award/Certificate,12/6/24
190,138,Lab Assistant,STEAM Job,2/12/30
191,138,Lifeguard,Non-STEAM Job,5/23/23
192,139,Middle School Diploma,Schooling,12/7/27
193,139,Retail Assistant,Non-STEAM Job,3/25/22
194,140,Lifeguard,Non-STEAM Job,3/23/22
195,141,MS in Data Science,Post Secondary Education,4/1/26
196,142,Data Analyst,STEAM Job,9/15/24
197,143,BS in Computer Science,Post Secondary Education,10/14/27
198,143,Software Engineer I,STEAM Job,11/13/27
199,144,Middle School Diploma,Schooling,3/9/25
200,144,Junior Art Assistant,STEAM Job,11/25/24
201,144,Internship,Internship/Mentorship,12/23/24
202,145,Internship,Internship/Mentorship,1/17/25
203,146,AAS in Drafting & Design,Post Secondary Education,9/23/32
204,147,Middle School Diploma,Schooling,3/7/23
205,147,Digital Illustration Certificate,Award/Certificate,6/9/27
206,147,Mentorship Program,Internship/Mentorship,11/16/24
207,148,IT Help Desk Trainee,STEAM Job,12/27/22
208,148,Apprentice Technician,STEAM Job,7/13/22
209,149,Competition Award,Award/Certificate,2/9/24
210,149,High School Diploma,Schooling,4/11/30
211,150,Competition Award,Award/Certificate,1/21/25
212,150,Customer Support Rep,Non-STEAM Job,2/28/29
213,151,Lifeguard,Non-STEAM Job,10/2/25
214,152,Middle School Diploma,Schooling,10/29/25
215,153,High School Diploma,Schooling,3/21/26
216,154,Middle School Diploma,Schooling,5/8/25
217,154,MS in Information Systems,Post Secondary Education,11/9/29
218,155,Internship,Internship/Mentorship,4/20/24
219,156,Published Project,Project,6/24/22
220,156,Internship,Internship/Mentorship,7/1/22
221,156,High School Diploma,Schooling,12/4/22
222,157,Internship,Internship/Mentorship,7/28/24
223,157,High School Diploma,Schooling,9/18/29
224,159,High School Diploma,Schooling,10/1/24
225,159,Mentorship Program,Internship/Mentorship,8/21/24
226,160,Systems Analyst,STEAM Job,8/20/25
227,161,Mentorship Program,Internship/Mentorship,6/1/24
228,161,Published Project,Project,4/14/24
229,162,Competition Award,Award/Certificate,6/28/24
230,164,MBA,Post Secondary Education,4/12/31
231,165,BS in Data Analytics,Post Secondary Education,4/29/26
232,166,Web Development Certificate,Award/Certificate,1/29/26
233,166,Customer Support Rep,Non-STEAM Job,1/29/25
234,167,Middle School Diploma,Schooling,5/11/25
235,168,Middle School Diploma,Schooling,11/11/23
236,168,Mentorship Program,Internship/Mentorship,8/14/23
237,168,BS in Mechanical Engineering,Post Secondary Education,11/18/23
238,169,Internship,Internship/Mentorship,3/21/23
239,171,Middle School Diploma,Schooling,1/31/25
240,172,AA in Art & Design,Post Secondary Education,3/4/30
241,173,Competition Award,Award/Certificate,12/31/23
242,174,Camp Counselor,Non-STEAM Job,3/7/24
243,174,High School Diploma,Schooling,5/19/26
244,175,Middle School Diploma,Schooling,6/26/24
245,176,Internship,Internship/Mentorship,3/16/25
246,176,AS in Information Systems,Post Secondary Education,1/19/29
247,177,Internship,Internship/Mentorship,1/12/24
248,178,Published Project,Project,8/29/23
249,178,Internship,Internship/Mentorship,12/11/23
250,179,High School Diploma,Schooling,4/2/25
251,180,Studio Assistant,STEAM Job,9/15/29
252,182,Middle School Diploma,Schooling,8/26/25
253,183,Internship,Internship/Mentorship,12/8/23
254,183,Studio Assistant,STEAM Job,6/10/23
255,184,High School Diploma,Schooling,12/19/23
256,185,Internship,Internship/Mentorship,11/1/22
257,186,Mentorship Program,Internship/Mentorship,9/7/24
258,187,Product Designer,STEAM Job,4/12/26
259,188,Data Analyst,STEAM Job,10/16/34
260,189,BS in Data Analytics,Post Secondary Education,11/5/24
261,189,Software Engineer I,STEAM Job,2/19/25
262,190,MBA,Post Secondary Education,3/30/23
263,191,Published Project,Project,7/30/25
264,192,IT Support Certificate,Award/Certificate,11/23/28
265,192,Retail Assistant,Non-STEAM Job,3/21/23
266,193,High School Diploma,Schooling,12/16/25
267,194,Clinical Data Coordinator,STEAM Job,8/15/30
268,194,Internship,Internship/Mentorship,12/13/23
269,195,Data Analytics Certificate,Award/Certificate,4/11/29
270,196,AS in Information Systems,Post Secondary Education,12/25/23
271,196,IT Support Certificate,Award/Certificate,12/6/23
272,197,Internship,Internship/Mentorship,1/8/23
273,198,Systems Analyst,STEAM Job,9/17/23
274,199,High School Diploma,Schooling,2/10/31
275,200,Competition Award,Award/Certificate,8/7/26
276,201,Mentorship Program,Internship/Mentorship,2/7/26
277,201,Systems Analyst,STEAM Job,7/5/25
278,201,High School Diploma,Schooling,10/18/22
279,202,Middle School Diploma,Schooling,5/19/24
280,202,MS in Data Science,Post Secondary Education,4/5/24
281,204,Published Project,Project,8/11/22
282,204,Middle School Diploma,Schooling,4/17/22
283,205,Published Project,Project,1/25/26
284,206,Middle School Diploma,Schooling,4/14/25
285,206,MBA,Post Secondary Education,2/17/28
286,207,Junior QA Tester,STEAM Job,10/29/25
287,208,AS in Information Systems,Post Secondary Education,12/20/25
288,208,Published Project,Project,10/25/25
289,209,BS in Information Systems,Post Secondary Education,4/1/28
290,209,AS in Information Systems,Post Secondary Education,4/1/26
291,210,Digital Illustration Certificate,Award/Certificate,4/26/29
292,211,Junior QA Tester,STEAM Job,7/25/24
293,211,Junior Art Assistant,STEAM Job,1/18/25
294,212,BS in Data Analytics,Post Secondary Education,9/14/32
295,212,Middle School Diploma,Schooling,9/14/25
296,213,Digital Illustration Certificate,Award/Certificate,1/21/24
297,213,Internship,Internship/Mentorship,10/15/23
298,214,Junior Art Assistant,STEAM Job,1/2/23
299,215,AS in Computer Science,Post Secondary Education,11/23/24
300,216,Mentorship Program,Internship/Mentorship,11/1/22
301,216,Competition Award,Award/Certificate,5/31/22
302,217,High School Diploma,Schooling,7/8/27
303,218,Retail Assistant,Non-STEAM Job,7/20/25
304,219,AS in Computer Science,Post Secondary Education,9/6/23
305,219,Internship,Internship/Mentorship,10/6/23
306,220,Middle School Diploma,Schooling,7/9/25
307,220,High School Diploma,Schooling,7/9/26
308,221,Published Project,Project,10/4/23
309,222,Competition Award,Award/Certificate,11/13/23
310,223,MFA in Studio Arts,Post Secondary Education,8/4/34
311,224,Lifeguard,Non-STEAM Job,5/31/25
312,225,IT Help Desk Trainee,STEAM Job,12/9/23
313,225,Published Project,Project,9/15/23
314,226,Middle School Diploma,Schooling,12/16/23
315,228,Web Development Certificate,Award/Certificate,7/10/32
316,229,Competition Award,Award/Certificate,1/16/25
317,230,MBA,Post Secondary Education,11/7/25
318,231,Retail Assistant,Non-STEAM Job,9/12/25
319,232,High School Diploma,Schooling,5/22/30
320,233,Internship,Internship/Mentorship,7/17/22
321,233,Competition Award,Award/Certificate,1/10/24
322,234,Competition Award,Award/Certificate,7/1/22
323,235,IT Support Certificate,Award/Certificate,11/29/25
324,235,AS in Computer Science,Post Secondary Education,11/29/25
325,235,Camp Counselor,Non-STEAM Job,11/2/24
326,236,Competition Award,Award/Certificate,12/10/24
327,236,Mentorship Program,Internship/Mentorship,9/20/24
328,237,Internship,Internship/Mentorship,7/9/25
329,238,Lab Assistant,STEAM Job,9/16/30
330,239,Lab Assistant,STEAM Job,2/28/25
331,240,Web Development Certificate,Award/Certificate,9/22/22
332,241,MS in Information Systems,Post Secondary Education,11/11/31
333,242,Software Engineer I,STEAM Job,7/7/28
334,243,Systems Analyst,STEAM Job,4/6/35
335,243,Web Development Certificate,Award/Certificate,4/6/32
336,244,Middle School Diploma,Schooling,4/28/24
337,245,Web Development Certificate,Award/Certificate,7/24/23
338,246,Competition Award,Award/Certificate,8/20/23
339,247,Mentorship Program,Internship/Mentorship,5/10/22
340,248,Middle School Diploma,Schooling,6/13/22
341,249,Published Project,Project,4/16/24
342,249,Competition Award,Award/Certificate,6/11/22
343,250,Middle School Diploma,Schooling,1/28/25
344,251,BS in Information Systems,Post Secondary Education,10/24/25
345,252,MS in Information Systems,Post Secondary Education,2/9/35
346,252,Published Project,Project,5/20/24
347,253,Mentorship Program,Internship/Mentorship,3/20/26
348,253,MFA in Studio Arts,Post Secondary Education,10/19/26
349,253,Middle School Diploma,Schooling,3/11/24
350,254,Internship,Internship/Mentorship,7/22/24
351,254,Competition Award,Award/Certificate,8/22/24
352,255,MS in Information Systems,Post Secondary Education,12/1/26
353,255,Published Project,Project,12/13/25
354,257,MS in Data Science,Post Secondary Education,10/5/22
355,258,Middle School Diploma,Schooling,9/16/24
356,259,High School Diploma,Schooling,12/15/25
357,260,AA in Art & Design,Post Secondary Education,10/2/27
358,261,Middle School Diploma,Schooling,4/5/22
359,261,Web Development Certificate,Award/Certificate,8/15/22
360,261,Software Engineer I,STEAM Job,10/4/22
361,262,Published Project,Project,12/23/25
362,263,Camp Counselor,Non-STEAM Job,7/4/22
363,264,Digital Illustration Certificate,Award/Certificate,7/8/22
364,265,IT Help Desk Trainee,STEAM Job,8/15/24
365,265,Competition Award,Award/Certificate,11/1/24
366,266,Camp Counselor,Non-STEAM Job,9/9/25
367,267,MS in Information Systems,Post Secondary Education,6/2/23
368,267,Software Engineer I,STEAM Job,7/2/23
369,268,Web Development Certificate,Award/Certificate,1/8/25
370,269,Customer Support Rep,Non-STEAM Job,8/22/27
371,270,AS in Computer Science,Post Secondary Education,4/14/25
372,271,Camp Counselor,Non-STEAM Job,12/28/22
373,273,AAS in Drafting & Design,Post Secondary Education,9/22/23
374,274,Junior QA Tester,STEAM Job,7/4/26
375,275,Apprentice Technician,STEAM Job,8/4/31
376,275,BA in Studio Arts,Post Secondary Education,8/4/34
377,276,Published Project,Project,4/22/23
378,279,High School Diploma,Schooling,2/7/26
379,279,Data Analytics Certificate,Award/Certificate,5/8/26
380,280,Competition Award,Award/Certificate,7/30/25
381,282,Camp Counselor,Non-STEAM Job,12/18/24
382,283,MBA,Post Secondary Education,9/29/30
383,284,MBA,Post Secondary Education,4/23/27
384,286,MFA in Studio Arts,Post Secondary Education,3/6/29
385,287,AS in Computer Science,Post Secondary Education,7/6/25
386,288,Customer Support Rep,Non-STEAM Job,3/12/27
387,288,Mentorship Program,Internship/Mentorship,7/30/25
388,288,IT Support Certificate,Award/Certificate,3/12/28
389,289,Published Project,Project,7/27/25
390,289,Middle School Diploma,Schooling,8/18/25
391,290,Web Development Certificate,Award/Certificate,6/12/25
392,290,AA in Art & Design,Post Secondary Education,7/8/25
393,290,Mentorship Program,Internship/Mentorship,7/19/23
394,291,Mentorship Program,Internship/Mentorship,8/19/24
395,292,Published Project,Project,9/27/25
396,293,Competition Award,Award/Certificate,3/24/25
397,294,Published Project,Project,4/13/24
398,294,Mentorship Program,Internship/Mentorship,1/13/25
399,295,Clinical Data Coordinator,STEAM Job,7/29/30
400,296,Apprentice Technician,STEAM Job,9/6/23
401,296,Competition Award,Award/Certificate,2/16/23
402,296,MS in Information Systems,Post Secondary Education,3/9/24
403,297,Retail Assistant,Non-STEAM Job,7/9/23
404,297,AA in Art & Design,Post Secondary Education,9/21/24
405,298,IT Help Desk Trainee,STEAM Job,8/9/22
406,298,Systems Analyst,STEAM Job,3/12/23
407,299,Software Engineer I,STEAM Job,5/2/33
408,300,Internship,Internship/Mentorship,5/10/25
409,301,Published Project,Project,3/19/23
410,302,Mentorship Program,Internship/Mentorship,8/21/25
411,302,AAS in Drafting & Design,Post Secondary Education,10/26/25
412,303,BS in Computer Science,Post Secondary Education,1/22/26
413,304,Internship,Internship/Mentorship,8/15/25
414,305,Web Development Certificate,Award/Certificate,1/16/25
415,305,BS in Computer Science,Post Secondary Education,8/19/24
416,305,Systems Analyst,STEAM Job,9/18/24
417,306,Middle School Diploma,Schooling,3/20/22
418,307,Data Analyst,STEAM Job,3/25/27
419,308,AAS in Drafting & Design,Post Secondary Education,6/21/25
420,309,Competition Award,Award/Certificate,7/6/22
421,309,Mentorship Program,Internship/Mentorship,1/20/25
422,310,Middle School Diploma,Schooling,7/10/23
423,311,High School Diploma,Schooling,8/27/22
424,312,Studio Assistant,STEAM Job,9/17/29
425,313,Middle School Diploma,Schooling,1/5/25
426,314,Web Development Certificate,Award/Certificate,1/14/25
427,315,Middle School Diploma,Schooling,6/8/27
428,315,Digital Illustration Certificate,Award/Certificate,6/8/32
429,316,High School Diploma,Schooling,2/4/26
430,318,AS in Computer Science,Post Secondary Education,8/6/25
431,319,Data Analyst,STEAM Job,10/29/25
432,320,MBA,Post Secondary Education,8/18/29
433,321,Internship,Internship/Mentorship,1/15/22
434,322,Lifeguard,Non-STEAM Job,9/28/25
435,323,AS in Computer Science,Post Secondary Education,6/2/23
436,324,High School Diploma,Schooling,2/2/29
437,325,BS in Data Analytics,Post Secondary Education,11/17/34
438,326,Middle School Diploma,Schooling,1/9/23
439,326,Apprentice Technician,STEAM Job,2/5/23
440,327,MBA,Post Secondary Education,8/11/24
441,328,Data Analyst,STEAM Job,2/6/30
442,328,Customer Support Rep,Non-STEAM Job,2/6/26
443,329,Internship,Internship/Mentorship,9/29/23
444,329,Middle School Diploma,Schooling,9/25/23
445,330,Digital Illustration Certificate,Award/Certificate,8/10/22
446,330,BA in Studio Arts,Post Secondary Education,5/19/22
447,331,MS in Data Science,Post Secondary Education,5/13/31
448,332,Clinical Data Coordinator,STEAM Job,1/22/31
449,333,Published Project,Project,6/28/24
450,334,Published Project,Project,2/23/24
451,334,Retail Assistant,Non-STEAM Job,9/26/23
452,335,AS in Information Systems,Post Secondary Education,9/25/31
453,336,BS in Information Systems,Post Secondary Education,6/10/34
454,337,Mentorship Program,Internship/Mentorship,6/28/25
455,338,Internship,Internship/Mentorship,7/14/25
456,339,Middle School Diploma,Schooling,12/30/25
457,340,AA in Art & Design,Post Secondary Education,11/15/22
458,341,BS in Information Systems,Post Secondary Education,9/21/25
459,342,Web Development Certificate,Award/Certificate,1/13/25
460,343,Published Project,Project,4/13/25
461,344,Junior QA Tester,STEAM Job,9/24/23
462,345,High School Diploma,Schooling,3/26/22
463,345,Camp Counselor,Non-STEAM Job,1/25/22
464,346,Camp Counselor,Non-STEAM Job,8/3/23
465,346,AS in Information Systems,Post Secondary Education,6/20/23
466,347,Systems Analyst,STEAM Job,1/10/32
467,348,Published Project,Project,6/19/23
468,349,Internship,Internship/Mentorship,6/2/25
469,350,Competition Award,Award/Certificate,4/14/25
470,350,Customer Support Rep,Non-STEAM Job,8/13/25
471,351,AAS in Drafting & Design,Post Secondary Education,10/27/25
472,352,BS in Data Analytics,Post Secondary Education,3/20/26
473,353,BA in Studio Arts,Post Secondary Education,1/26/27
474,353,Competition Award,Award/Certificate,8/7/23
475,353,Published Project,Project,10/5/25
476,353,Digital Illustration Certificate,Award/Certificate,1/26/25
477,354,Junior Art Assistant,STEAM Job,2/17/22
478,354,AA in Art & Design,Post Secondary Education,11/13/23
479,355,BS in Computer Science,Post Secondary Education,11/29/22
480,356,IT Help Desk Trainee,STEAM Job,1/28/26
481,357,IT Support Certificate,Award/Certificate,10/24/24
482,357,MS in Information Systems,Post Secondary Education,3/2/26
483,358,BS in Mechanical Engineering,Post Secondary Education,10/15/24
484,359,MS in Information Systems,Post Secondary Education,2/24/34
485,359,Data Analytics Certificate,Award/Certificate,2/24/30
486,360,Lifeguard,Non-STEAM Job,12/22/24
487,361,Product Designer,STEAM Job,10/25/22
488,362,Software Engineer I,STEAM Job,7/24/24
489,362,IT Help Desk Trainee,STEAM Job,6/22/23
490,363,Competition Award,Award/Certificate,1/7/24
491,364,Mentorship Program,Internship/Mentorship,10/10/23
492,364,Middle School Diploma,Schooling,8/18/23
493,365,IT Support Certificate,Award/Certificate,10/27/22
494,365,Mentorship Program,Internship/Mentorship,7/24/22
495,366,Internship,Internship/Mentorship,8/15/25
496,367,Internship,Internship/Mentorship,8/21/23
497,368,Internship,Internship/Mentorship,3/13/22
498,369,Internship,Internship/Mentorship,9/7/22
499,370,Apprentice Technician,STEAM Job,9/29/30
500,371,MBA,Post Secondary Education,2/16/31
501,371,Internship,Internship/Mentorship,10/27/24
502,372,Internship,Internship/Mentorship,12/29/24
503,372,Published Project,Project,4/21/25
504,373,High School Diploma,Schooling,10/20/24
505,374,Customer Support Rep,Non-STEAM Job,9/13/24
506,374,BA in Studio Arts,Post Secondary Education,4/15/27
507,375,Digital Illustration Certificate,Award/Certificate,11/6/24
508,376,Published Project,Project,6/21/26
509,377,IT Support Certificate,Award/Certificate,10/20/31
510,377,Internship,Internship/Mentorship,10/10/23
511,378,Studio Assistant,STEAM Job,12/25/25
512,379,High School Diploma,Schooling,10/24/23
513,381,AS in Information Systems,Post Secondary Education,12/6/23
514,382,Clinical Data Coordinator,STEAM Job,9/15/25
515,383,BA in Studio Arts,Post Secondary Education,6/25/22
516,384,Competition Award,Award/Certificate,3/11/22
517,385,MS in Data Science,Post Secondary Education,6/2/32
518,385,AA in Art & Design,Post Secondary Education,6/2/28
519,386,Competition Award,Award/Certificate,6/21/22
520,387,Competition Award,Award/Certificate,6/6/26
521,388,Camp Counselor,Non-STEAM Job,10/14/25
522,389,Lifeguard,Non-STEAM Job,3/4/22
523,390,BS in Mechanical Engineering,Post Secondary Education,9/16/33
524,390,Internship,Internship/Mentorship,6/25/25
525,390,High School Diploma,Schooling,9/16/30
526,391,Mentorship Program,Internship/Mentorship,7/26/24
527,392,High School Diploma,Schooling,10/31/27
528,393,Mentorship Program,Internship/Mentorship,9/3/23
529,395,Competition Award,Award/Certificate,7/11/24
530,395,AAS in Drafting & Design,Post Secondary Education,3/20/24
531,396,Middle School Diploma,Schooling,10/7/24
532,397,High School Diploma,Schooling,8/17/24
533,398,MS in Data Science,Post Secondary Education,8/6/25
534,400,AS in Computer Science,Post Secondary Education,8/23/26
535,401,Internship,Internship/Mentorship,2/23/24
536,402,Middle School Diploma,Schooling,2/8/23
537,403,Web Development Certificate,Award/Certificate,6/26/29
538,404,Web Development Certificate,Award/Certificate,4/18/26
539,404,Retail Assistant,Non-STEAM Job,11/10/25
540,406,Junior Art Assistant,STEAM Job,7/6/22
541,407,BS in Data Analytics,Post Secondary Education,2/22/24
542,408,IT Support Certificate,Award/Certificate,4/17/23
543,409,Software Engineer I,STEAM Job,5/24/34
544,410,AS in Information Systems,Post Secondary Education,8/23/25
545,410,Data Analytics Certificate,Award/Certificate,10/24/24
546,410,Published Project,Project,2/5/25
547,410,Lifeguard,Non-STEAM Job,10/11/25
548,411,AA in Art & Design,Post Secondary Education,1/17/25
549,411,Published Project,Project,9/15/24
550,412,BA in Studio Arts,Post Secondary Education,5/27/28
551,413,Junior QA Tester,STEAM Job,8/27/24
552,414,Systems Analyst,STEAM Job,8/15/25
553,414,MS in Data Science,Post Secondary Education,7/16/25
554,415,IT Support Certificate,Award/Certificate,11/8/25
555,416,BS in Mechanical Engineering,Post Secondary Education,12/4/30
556,417,AA in Art & Design,Post Secondary Education,8/16/25
557,418,AA in Art & Design,Post Secondary Education,12/23/32
558,419,Middle School Diploma,Schooling,6/7/25
559,420,BS in Mechanical Engineering,Post Secondary Education,7/10/24
560,421,High School Diploma,Schooling,6/30/25
561,422,Product Designer,STEAM Job,4/23/35
562,424,Published Project,Project,11/29/22
563,426,AA in Art & Design,Post Secondary Education,12/20/29
564,427,AA in Art & Design,Post Secondary Education,6/26/22
565,428,Internship,Internship/Mentorship,4/8/23
566,428,Retail Assistant,Non-STEAM Job,11/12/22
567,429,Lab Assistant,STEAM Job,5/13/25
568,430,Competition Award,Award/Certificate,12/21/23
569,431,IT Help Desk Trainee,STEAM Job,1/31/25
570,431,Internship,Internship/Mentorship,4/13/25
571,433,Published Project,Project,2/6/25
572,434,Studio Assistant,STEAM Job,8/26/23
573,435,MS in Data Science,Post Secondary Education,6/13/26
574,435,Published Project,Project,5/12/26
575,436,IT Support Certificate,Award/Certificate,9/18/29
576,437,Systems Analyst,STEAM Job,12/10/23
577,438,High School Diploma,Schooling,6/29/25
578,439,High School Diploma,Schooling,7/29/24
579,440,AS in Computer Science,Post Secondary Education,4/18/26
580,441,High School Diploma,Schooling,9/18/31
581,442,Competition Award,Award/Certificate,10/9/24
582,443,Competition Award,Award/Certificate,11/1/25
583,443,Mentorship Program,Internship/Mentorship,5/9/26
584,444,Mentorship Program,Internship/Mentorship,9/18/25
585,445,Mentorship Program,Internship/Mentorship,7/21/25
586,446,Middle School Diploma,Schooling,11/28/24
587,447,MFA in Studio Arts,Post Secondary Education,1/28/36
588,448,Mentorship Program,Internship/Mentorship,10/21/22
589,448,Internship,Internship/Mentorship,3/27/22
590,449,BS in Mechanical Engineering,Post Secondary Education,7/8/33
591,450,High School Diploma,Schooling,8/29/28
592,451,Competition Award,Award/Certificate,11/12/23
593,452,High School Diploma,Schooling,5/26/30
594,453,AAS in Drafting & Design,Post Secondary Education,1/27/29
595,453,Internship,Internship/Mentorship,1/6/26
596,454,Lab Assistant,STEAM Job,4/7/25
597,455,Lab Assistant,STEAM Job,8/31/22
598,456,Retail Assistant,Non-STEAM Job,11/22/24
599,457,Middle School Diploma,Schooling,7/17/26
600,458,Internship,Internship/Mentorship,8/15/23
601,458,MS in Data Science,Post Secondary Education,3/6/23
602,459,Published Project,Project,2/20/26
603,459,Data Analytics Certificate,Award/Certificate,12/8/32
604,460,MBA,Post Secondary Education,7/1/25
605,461,Middle School Diploma,Schooling,12/3/23
606,461,Retail Assistant,Non-STEAM Job,11/26/22
607,462,Data Analytics Certificate,Award/Certificate,6/7/25
608,462,MS in Information Systems,Post Secondary Education,2/2/25
609,463,Mentorship Program,Internship/Mentorship,9/26/23
610,463,Digital Illustration Certificate,Award/Certificate,7/13/23
611,464,Middle School Diploma,Schooling,9/6/25
612,465,Internship,Internship/Mentorship,7/13/24
613,466,MS in Information Systems,Post Secondary Education,12/30/29
614,466,Mentorship Program,Internship/Mentorship,12/19/24
615,467,AAS in Drafting & Design,Post Secondary Education,6/11/22
616,468,BA in Studio Arts,Post Secondary Education,12/1/28
617,468,Junior QA Tester,STEAM Job,12/1/25
618,469,Camp Counselor,Non-STEAM Job,3/28/25
619,469,AS in Computer Science,Post Secondary Education,12/17/27
620,470,Data Analytics Certificate,Award/Certificate,1/23/28
621,471,Published Project,Project,8/29/25
622,471,Clinical Data Coordinator,STEAM Job,3/11/26
623,472,Middle School Diploma,Schooling,2/14/23
624,473,Camp Counselor,Non-STEAM Job,1/3/23
625,474,High School Diploma,Schooling,8/10/24
626,474,MS in Data Science,Post Secondary Education,11/11/28
627,475,High School Diploma,Schooling,3/29/27
628,476,High School Diploma,Schooling,9/16/22
629,476,Clinical Data Coordinator,STEAM Job,3/8/22
630,477,High School Diploma,Schooling,7/14/25
631,477,Retail Assistant,Non-STEAM Job,5/15/25
632,478,Mentorship Program,Internship/Mentorship,11/9/25
633,479,Competition Award,Award/Certificate,3/11/26
634,480,BS in Mechanical Engineering,Post Secondary Education,11/20/22
635,480,Published Project,Project,8/16/22
636,481,High School Diploma,Schooling,7/21/30
637,482,Internship,Internship/Mentorship,8/29/23
638,483,Middle School Diploma,Schooling,5/18/22
639,483,AA in Art & Design,Post Secondary Education,10/6/26
640,484,High School Diploma,Schooling,10/22/24
641,485,MFA in Studio Arts,Post Secondary Education,5/17/31
642,486,Software Engineer I,STEAM Job,2/8/31
643,487,Mentorship Program,Internship/Mentorship,2/15/22
644,488,Retail Assistant,Non-STEAM Job,7/27/23
645,488,BS in Computer Science,Post Secondary Education,7/4/34
646,489,Middle School Diploma,Schooling,9/17/23
647,490,Middle School Diploma,Schooling,7/14/25
648,491,Published Project,Project,6/28/23
649,492,Software Engineer I,STEAM Job,8/1/30
650,492,Studio Assistant,STEAM Job,8/1/26
651,493,Systems Analyst,STEAM Job,8/5/25
652,494,Mentorship Program,Internship/Mentorship,4/26/23
653,495,BA in Studio Arts,Post Secondary Education,9/29/28
654,496,Published Project,Project,8/7/25
655,497,Web Development Certificate,Award/Certificate,8/3/27
656,498,Competition Award,Award/Certificate,8/8/24
657,499,Middle School Diploma,Schooling,1/19/24
658,500,Middle School Diploma,Schooling,2/14/25
659,502,BS in Information Systems,Post Secondary Education,7/15/31
660,503,High School Diploma,Schooling,4/4/25
661,504,IT Support Certificate,Award/Certificate,7/22/25
662,505,Internship,Internship/Mentorship,12/27/22
663,507,Junior Art Assistant,STEAM Job,12/14/24
664,507,Internship,Internship/Mentorship,12/15/24
665,507,IT Support Certificate,Award/Certificate,8/31/28
666,508,Mentorship Program,Internship/Mentorship,6/30/22
667,508,BS in Information Systems,Post Secondary Education,8/8/22
668,509,Studio Assistant,STEAM Job,7/3/31
669,510,Digital Illustration Certificate,Award/Certificate,12/26/24
670,510,High School Diploma,Schooling,12/26/23
671,511,Published Project,Project,10/22/24
672,512,MS in Information Systems,Post Secondary Education,8/30/33
673,513,Middle School Diploma,Schooling,5/12/25
674,514,Competition Award,Award/Certificate,6/10/25
675,515,Apprentice Technician,STEAM Job,8/17/24
676,515,BS in Mechanical Engineering,Post Secondary Education,9/18/23
677,516,Internship,Internship/Mentorship,4/20/25
678,517,Junior QA Tester,STEAM Job,4/14/26
679,518,Junior Art Assistant,STEAM Job,11/17/23
680,519,Apprentice Technician,STEAM Job,9/17/22
681,521,MS in Information Systems,Post Secondary Education,2/6/24
682,522,Published Project,Project,12/14/21
683,523,BS in Information Systems,Post Secondary Education,9/16/24
684,524,Competition Award,Award/Certificate,4/8/24
685,525,Middle School Diploma,Schooling,10/29/27
686,526,High School Diploma,Schooling,4/9/26
687,527,AAS in Drafting & Design,Post Secondary Education,12/5/25
688,528,Internship,Internship/Mentorship,12/23/24
689,529,Retail Assistant,Non-STEAM Job,6/9/24
690,530,Middle School Diploma,Schooling,12/1/23
691,531,High School Diploma,Schooling,7/28/23
692,532,High School Diploma,Schooling,2/23/29
693,532,AAS in Drafting & Design,Post Secondary Education,2/23/30
694,533,MFA in Studio Arts,Post Secondary Education,12/8/28
695,534,Data Analyst,STEAM Job,2/3/29
696,535,IT Help Desk Trainee,STEAM Job,6/1/23
697,536,Lab Assistant,STEAM Job,12/7/25
698,536,Data Analytics Certificate,Award/Certificate,12/7/26
699,537,Mentorship Program,Internship/Mentorship,4/5/26
700,538,Published Project,Project,1/25/23
701,539,High School Diploma,Schooling,10/10/31
702,540,Competition Award,Award/Certificate,4/15/23
703,541,Middle School Diploma,Schooling,7/29/23
704,541,Internship,Internship/Mentorship,7/4/23
705,542,High School Diploma,Schooling,5/7/25
706,543,Published Project,Project,7/16/22
707,543,Lab Assistant,STEAM Job,12/10/24
708,544,Digital Illustration Certificate,Award/Certificate,10/26/25
709,545,Internship,Internship/Mentorship,7/16/24
710,545,Retail Assistant,Non-STEAM Job,2/24/24
711,546,High School Diploma,Schooling,12/8/23
712,547,MS in Information Systems,Post Secondary Education,3/31/29
713,548,Digital Illustration Certificate,Award/Certificate,7/5/25
714,549,Junior Art Assistant,STEAM Job,8/5/23
715,550,Retail Assistant,Non-STEAM Job,9/17/22
716,550,Published Project,Project,7/27/22
717,551,Web Development Certificate,Award/Certificate,8/3/27
718,552,Apprentice Technician,STEAM Job,7/25/23
719,553,Retail Assistant,Non-STEAM Job,5/20/25
720,554,Digital Illustration Certificate,Award/Certificate,7/24/22
721,555,Middle School Diploma,Schooling,4/15/25
722,556,High School Diploma,Schooling,7/5/22
723,556,Lifeguard,Non-STEAM Job,5/2/22
724,556,Apprentice Technician,STEAM Job,9/1/22
725,557,Internship,Internship/Mentorship,7/11/24
726,557,BS in Mechanical Engineering,Post Secondary Education,5/6/24
727,558,BS in Information Systems,Post Secondary Education,1/16/26
728,559,Data Analyst,STEAM Job,9/23/27
729,560,BA in Studio Arts,Post Secondary Education,4/27/32
730,560,Middle School Diploma,Schooling,4/27/25
731,561,Apprentice Technician,STEAM Job,10/9/25
732,561,AS in Information Systems,Post Secondary Education,11/18/25
733,562,Competition Award,Award/Certificate,12/7/22
734,563,MS in Data Science,Post Secondary Education,11/16/23
735,563,Lab Assistant,STEAM Job,2/18/24
736,564,Mentorship Program,Internship/Mentorship,5/26/24
737,565,Digital Illustration Certificate,Award/Certificate,6/17/31
738,565,Competition Award,Award/Certificate,7/10/23
739,566,Software Engineer I,STEAM Job,4/4/30
740,566,BS in Information Systems,Post Secondary Education,3/5/30
741,567,Data Analytics Certificate,Award/Certificate,10/16/25
742,568,High School Diploma,Schooling,10/31/25
743,568,Middle School Diploma,Schooling,10/31/24
744,570,MS in Information Systems,Post Secondary Education,10/2/33
745,572,Mentorship Program,Internship/Mentorship,7/23/22
746,573,Customer Support Rep,Non-STEAM Job,4/29/26
747,573,Data Analytics Certificate,Award/Certificate,5/13/26
748,574,Middle School Diploma,Schooling,5/10/23
749,575,Web Development Certificate,Award/Certificate,12/23/22
750,576,IT Help Desk Trainee,STEAM Job,5/28/24
751,577,IT Help Desk Trainee,STEAM Job,9/17/23
752,578,Competition Award,Award/Certificate,6/7/25
753,579,Internship,Internship/Mentorship,4/18/26
754,580,MS in Data Science,Post Secondary Education,10/31/24
755,581,Published Project,Project,10/23/23
756,582,Internship,Internship/Mentorship,2/14/22
757,582,AS in Information Systems,Post Secondary Education,1/20/22
758,583,AS in Information Systems,Post Secondary Education,10/18/28
759,584,IT Support Certificate,Award/Certificate,5/9/29
760,584,Lab Assistant,STEAM Job,5/9/28
761,584,Middle School Diploma,Schooling,5/12/24
762,585,Software Engineer I,STEAM Job,10/21/26
763,586,Apprentice Technician,STEAM Job,2/20/22
764,587,MS in Data Science,Post Secondary Education,8/26/24
765,588,Internship,Internship/Mentorship,3/26/24
766,589,AS in Information Systems,Post Secondary Education,4/3/27
767,590,Web Development Certificate,Award/Certificate,8/3/28
768,592,Competition Award,Award/Certificate,8/2/23
769,593,Competition Award,Award/Certificate,2/1/25
770,594,AA in Art & Design,Post Secondary Education,6/5/23
771,595,Mentorship Program,Internship/Mentorship,6/3/25
772,595,Customer Support Rep,Non-STEAM Job,8/20/23
773,596,Competition Award,Award/Certificate,8/14/24
774,596,Middle School Diploma,Schooling,4/19/24
775,597,MS in Information Systems,Post Secondary Education,1/8/24
776,598,Clinical Data Coordinator,STEAM Job,11/14/33
777,598,Lab Assistant,STEAM Job,11/14/29
778,599,Product Designer,STEAM Job,10/13/24
779,599,Customer Support Rep,Non-STEAM Job,3/2/22
780,600,Data Analytics Certificate,Award/Certificate,4/9/26
781,601,Internship,Internship/Mentorship,10/20/25
782,601,MFA in Studio Arts,Post Secondary Education,10/28/28
783,602,Competition Award,Award/Certificate,2/28/22
784,603,MS in Data Science,Post Secondary Education,10/24/28
785,604,Digital Illustration Certificate,Award/Certificate,11/18/25
786,604,Competition Award,Award/Certificate,11/29/25
787,604,AAS in Drafting & Design,Post Secondary Education,10/2/25
788,605,BS in Data Analytics,Post Secondary Education,5/5/33
789,605,IT Help Desk Trainee,STEAM Job,11/8/22
790,605,Competition Award,Award/Certificate,5/21/25
791,606,Web Development Certificate,Award/Certificate,9/19/30
792,607,Published Project,Project,1/19/23
793,607,High School Diploma,Schooling,4/23/31
794,608,Studio Assistant,STEAM Job,3/4/26
795,608,Middle School Diploma,Schooling,3/27/23
796,609,Web Development Certificate,Award/Certificate,8/2/29
797,609,BA in Studio Arts,Post Secondary Education,8/2/31
798,610,MS in Data Science,Post Secondary Education,8/17/30
799,611,Competition Award,Award/Certificate,3/12/24
800,612,High School Diploma,Schooling,2/25/31
801,613,Retail Assistant,Non-STEAM Job,1/25/23
802,613,Mentorship Program,Internship/Mentorship,10/29/22
803,614,MS in Data Science,Post Secondary Education,2/23/34
804,615,AA in Art & Design,Post Secondary Education,5/23/26
805,615,Junior QA Tester,STEAM Job,5/11/26
806,616,Customer Support Rep,Non-STEAM Job,10/20/23
807,617,Mentorship Program,Internship/Mentorship,10/22/22
808,618,Competition Award,Award/Certificate,4/9/24
809,619,AS in Information Systems,Post Secondary Education,4/21/32
810,620,Competition Award,Award/Certificate,8/20/23
811,620,Published Project,Project,1/9/23
812,621,BS in Computer Science,Post Secondary Education,5/31/27
813,622,IT Support Certificate,Award/Certificate,6/18/24
814,623,Lifeguard,Non-STEAM Job,11/3/23
815,624,Studio Assistant,STEAM Job,2/20/24
816,625,Middle School Diploma,Schooling,8/26/25
817,625,BS in Computer Science,Post Secondary Education,8/26/32
818,626,Retail Assistant,Non-STEAM Job,7/27/24
819,627,BS in Computer Science,Post Secondary Education,4/25/23
820,628,Published Project,Project,7/23/22
821,629,Competition Award,Award/Certificate,7/31/25
822,629,High School Diploma,Schooling,8/10/30
823,630,Internship,Internship/Mentorship,8/29/23
824,630,IT Support Certificate,Award/Certificate,7/31/25
825,631,Competition Award,Award/Certificate,12/14/25
826,632,Internship,Internship/Mentorship,11/22/23
827,632,BS in Information Systems,Post Secondary Education,5/25/24
828,633,MS in Information Systems,Post Secondary Education,11/4/27
829,634,AA in Art & Design,Post Secondary Education,7/23/26
830,635,Lab Assistant,STEAM Job,1/17/24
831,636,Mentorship Program,Internship/Mentorship,11/15/25
832,637,AS in Information Systems,Post Secondary Education,9/8/27
833,638,Middle School Diploma,Schooling,11/5/24
834,638,Internship,Internship/Mentorship,5/20/24
835,639,Middle School Diploma,Schooling,5/2/25
836,640,Internship,Internship/Mentorship,1/13/25
837,640,Middle School Diploma,Schooling,4/20/25
838,641,BS in Data Analytics,Post Secondary Education,10/11/29
839,641,AS in Computer Science,Post Secondary Education,10/11/27
840,642,IT Support Certificate,Award/Certificate,5/8/27
841,643,Internship,Internship/Mentorship,3/19/25
842,644,Mentorship Program,Internship/Mentorship,9/10/22
843,645,High School Diploma,Schooling,8/4/24
844,646,High School Diploma,Schooling,4/30/29
845,646,Junior QA Tester,STEAM Job,5/30/29
846,647,Internship,Internship/Mentorship,10/24/22
847,648,IT Support Certificate,Award/Certificate,7/22/22
848,649,BA in Studio Arts,Post Secondary Education,11/16/30
849,649,Middle School Diploma,Schooling,11/1/24
850,650,BS in Mechanical Engineering,Post Secondary Education,7/23/28
851,650,Systems Analyst,STEAM Job,8/22/28
852,651,AA in Art & Design,Post Secondary Education,5/25/22
853,652,Published Project,Project,11/13/23
854,652,Digital Illustration Certificate,Award/Certificate,12/17/23
855,653,AS in Computer Science,Post Secondary Education,7/21/26
856,654,IT Help Desk Trainee,STEAM Job,6/20/24
857,654,High School Diploma,Schooling,8/19/24
858,655,Middle School Diploma,Schooling,1/22/24
859,656,Apprentice Technician,STEAM Job,12/5/28
860,656,BS in Data Analytics,Post Secondary Education,12/5/31
861,657,Mentorship Program,Internship/Mentorship,11/19/25
862,658,High School Diploma,Schooling,2/14/24
863,659,Product Designer,STEAM Job,12/21/25
864,659,Apprentice Technician,STEAM Job,6/2/23
865,660,Middle School Diploma,Schooling,8/30/24
866,661,Junior Art Assistant,STEAM Job,1/31/24
867,662,Data Analytics Certificate,Award/Certificate,10/16/25
868,663,Lab Assistant,STEAM Job,11/8/22
869,663,Internship,Internship/Mentorship,1/1/23
870,663,Published Project,Project,8/12/22
871,664,Internship,Internship/Mentorship,7/28/22
872,664,AS in Computer Science,Post Secondary Education,1/17/24
873,664,Mentorship Program,Internship/Mentorship,1/17/23
874,665,AS in Information Systems,Post Secondary Education,7/13/24
875,666,BS in Data Analytics,Post Secondary Education,12/19/24
876,667,Clinical Data Coordinator,STEAM Job,3/7/35
877,668,AS in Information Systems,Post Secondary Education,8/6/31
878,668,Competition Award,Award/Certificate,12/26/25
879,668,MS in Information Systems,Post Secondary Education,8/6/35
880,669,High School Diploma,Schooling,3/7/24
881,670,AS in Information Systems,Post Secondary Education,3/20/25
882,671,Middle School Diploma,Schooling,4/17/25
883,671,Clinical Data Coordinator,STEAM Job,1/6/32
884,672,High School Diploma,Schooling,9/7/28
885,673,AS in Information Systems,Post Secondary Education,6/17/25
886,674,Web Development Certificate,Award/Certificate,6/15/24
887,675,AA in Art & Design,Post Secondary Education,11/6/28
888,676,Competition Award,Award/Certificate,5/6/25
889,677,Middle School Diploma,Schooling,8/18/27
890,678,Data Analytics Certificate,Award/Certificate,9/19/31
891,679,IT Support Certificate,Award/Certificate,2/14/27
892,679,IT Help Desk Trainee,STEAM Job,2/4/24
893,680,High School Diploma,Schooling,3/22/24
894,681,Studio Assistant,STEAM Job,9/6/25
895,682,Competition Award,Award/Certificate,10/26/22
896,682,Data Analyst,STEAM Job,10/2/28
897,683,Published Project,Project,12/5/25
898,684,Competition Award,Award/Certificate,6/25/25
899,686,Internship,Internship/Mentorship,1/31/23
900,686,Mentorship Program,Internship/Mentorship,3/26/23
901,687,Lab Assistant,STEAM Job,3/28/23
902,688,Competition Award,Award/Certificate,5/1/22
903,689,Studio Assistant,STEAM Job,4/29/29
904,690,MS in Data Science,Post Secondary Education,6/17/24
905,692,High School Diploma,Schooling,1/23/26
906,693,Middle School Diploma,Schooling,11/23/23
907,694,Published Project,Project,4/30/22
908,695,Junior QA Tester,STEAM Job,11/14/30
909,695,MFA in Studio Arts,Post Secondary Education,11/14/35
910,697,Middle School Diploma,Schooling,3/3/24
911,698,Lab Assistant,STEAM Job,7/12/29
912,699,Published Project,Project,9/17/24
913,699,Internship,Internship/Mentorship,2/4/25
914,700,Internship,Internship/Mentorship,3/25/25
915,700,Junior Art Assistant,STEAM Job,11/11/24
916,701,AS in Computer Science,Post Secondary Education,3/17/27
917,702,MS in Data Science,Post Secondary Education,2/4/29
918,703,Apprentice Technician,STEAM Job,6/30/31
919,703,Competition Award,Award/Certificate,8/20/22
920,704,Mentorship Program,Internship/Mentorship,3/4/25
921,705,Clinical Data Coordinator,STEAM Job,6/25/24
922,706,High School Diploma,Schooling,8/11/26
923,707,High School Diploma,Schooling,11/15/23
924,708,Published Project,Project,5/19/25
925,709,MBA,Post Secondary Education,12/3/30
926,709,Camp Counselor,Non-STEAM Job,5/13/23
927,710,Middle School Diploma,Schooling,7/12/26
928,711,Published Project,Project,8/16/25
929,712,Apprentice Technician,STEAM Job,7/5/27
930,713,Digital Illustration Certificate,Award/Certificate,5/20/27
931,714,Lifeguard,Non-STEAM Job,7/27/23
932,715,Customer Support Rep,Non-STEAM Job,9/14/24
933,715,Internship,Internship/Mentorship,8/2/24
934,716,High School Diploma,Schooling,7/20/26
935,717,Middle School Diploma,Schooling,8/24/25
936,717,Apprentice Technician,STEAM Job,7/21/25
937,718,Systems Analyst,STEAM Job,6/4/27
938,719,Mentorship Program,Internship/Mentorship,7/3/22
939,720,Systems Analyst,STEAM Job,3/5/33
940,720,High School Diploma,Schooling,3/5/29
941,721,IT Support Certificate,Award/Certificate,5/3/23
942,722,Clinical Data Coordinator,STEAM Job,8/14/25
943,722,Published Project,Project,10/18/24
944,723,Customer Support Rep,Non-STEAM Job,11/5/23
945,724,Apprentice Technician,STEAM Job,6/12/23
946,724,BS in Information Systems,Post Secondary Education,5/5/25
947,725,Apprentice Technician,STEAM Job,4/13/27
948,725,High School Diploma,Schooling,3/14/27
949,725,Middle School Diploma,Schooling,3/14/26
950,726,BS in Computer Science,Post Secondary Education,2/24/28
951,727,Digital Illustration Certificate,Award/Certificate,3/10/24
952,728,Competition Award,Award/Certificate,6/17/24
953,729,Product Designer,STEAM Job,5/3/26
954,731,AAS in Drafting & Design,Post Secondary Education,7/18/27
955,731,Product Designer,STEAM Job,7/18/30
956,732,Middle School Diploma,Schooling,4/26/25
957,733,Camp Counselor,Non-STEAM Job,2/15/23
958,734,Middle School Diploma,Schooling,4/4/26
959,735,High School Diploma,Schooling,10/24/26
960,736,Middle School Diploma,Schooling,12/9/23
961,738,AAS in Drafting & Design,Post Secondary Education,6/23/24
962,739,Mentorship Program,Internship/Mentorship,4/22/23
963,741,Internship,Internship/Mentorship,1/22/23
964,742,AAS in Drafting & Design,Post Secondary Education,12/2/23
965,742,Lab Assistant,STEAM Job,6/13/23
966,743,Mentorship Program,Internship/Mentorship,4/2/24
967,746,MFA in Studio Arts,Post Secondary Education,3/8/27
968,746,Customer Support Rep,Non-STEAM Job,6/19/25
969,747,Lifeguard,Non-STEAM Job,4/27/24
970,748,Published Project,Project,9/26/22
971,749,MFA in Studio Arts,Post Secondary Education,2/1/33
972,750,Internship,Internship/Mentorship,10/30/25
973,751,Internship,Internship/Mentorship,8/2/22
974,752,Junior Art Assistant,STEAM Job,6/30/22
975,753,Product Designer,STEAM Job,5/5/35
976,754,Mentorship Program,Internship/Mentorship,4/18/23
977,755,Middle School Diploma,Schooling,4/16/23
978,755,MFA in Studio Arts,Post Secondary Education,4/30/24
979,756,Apprentice Technician,STEAM Job,5/7/24
980,757,Competition Award,Award/Certificate,5/28/25
981,758,High School Diploma,Schooling,5/14/25
982,758,Published Project,Project,12/15/24
983,759,Systems Analyst,STEAM Job,2/1/33
984,759,Mentorship Program,Internship/Mentorship,4/20/23
985,759,Internship,Internship/Mentorship,4/14/23
986,760,Studio Assistant,STEAM Job,1/13/23
987,760,Software Engineer I,STEAM Job,4/4/23
988,762,Mentorship Program,Internship/Mentorship,10/13/24
989,763,Internship,Internship/Mentorship,4/20/23
990,764,Published Project,Project,4/18/24
991,764,Mentorship Program,Internship/Mentorship,3/15/24
992,765,Published Project,Project,10/31/23
993,765,High School Diploma,Schooling,11/26/23
994,766,Published Project,Project,1/26/25
995,767,Product Designer,STEAM Job,6/7/34
996,768,Systems Analyst,STEAM Job,2/4/26
997,769,AS in Computer Science,Post Secondary Education,4/22/29
998,769,BA in Studio Arts,Post Secondary Education,4/22/31
999,770,High School Diploma,Schooling,12/4/31
1000,770,Web Development Certificate,Award/Certificate,12/4/32
1001,771,Internship,Internship/Mentorship,8/23/24
1002,772,MS in Data Science,Post Secondary Education,4/29/31
1003,772,Published Project,Project,7/27/26
1004,773,Data Analyst,STEAM Job,4/27/25
1005,773,Mentorship Program,Internship/Mentorship,6/12/25
1006,773,Published Project,Project,10/29/25
1007,774,IT Help Desk Trainee,STEAM Job,5/29/22
1008,774,Clinical Data Coordinator,STEAM Job,3/22/27
1009,775,Mentorship Program,Internship/Mentorship,5/10/25
1010,775,MS in Data Science,Post Secondary Education,7/7/29
1011,775,Internship,Internship/Mentorship,3/12/25
1012,776,Digital Illustration Certificate,Award/Certificate,8/28/27
1013,777,Data Analytics Certificate,Award/Certificate,8/19/24
1014,778,Competition Award,Award/Certificate,1/23/24
1015,779,AAS in Drafting & Design,Post Secondary Education,10/29/25
1016,780,Lifeguard,Non-STEAM Job,5/18/23
1017,781,BS in Mechanical Engineering,Post Secondary Education,7/29/24
1018,781,Published Project,Project,9/6/24
1019,782,MS in Data Science,Post Secondary Education,11/13/30
1020,783,Published Project,Project,10/9/25
1021,783,Camp Counselor,Non-STEAM Job,11/1/25
1022,784,Middle School Diploma,Schooling,12/18/24
1023,785,Middle School Diploma,Schooling,12/11/24
1024,786,IT Support Certificate,Award/Certificate,9/13/25
1025,787,Middle School Diploma,Schooling,1/30/25
1026,788,Lab Assistant,STEAM Job,11/2/30
1027,789,Web Development Certificate,Award/Certificate,10/5/28
1028,790,Apprentice Technician,STEAM Job,5/2/22
1029,790,Published Project,Project,6/22/22
1030,792,BS in Data Analytics,Post Secondary Education,1/9/32
1031,793,IT Support Certificate,Award/Certificate,10/30/30
1032,794,Mentorship Program,Internship/Mentorship,12/28/23
1033,795,Published Project,Project,4/1/25
1034,796,MBA,Post Secondary Education,3/26/27
1035,797,High School Diploma,Schooling,2/15/23
1036,798,Competition Award,Award/Certificate,5/11/23
1037,799,Middle School Diploma,Schooling,2/5/27
1038,800,Published Project,Project,11/13/23
1039,801,AS in Information Systems,Post Secondary Education,11/18/30
1040,802,Internship,Internship/Mentorship,3/10/22
1041,803,Data Analyst,STEAM Job,4/10/26
1042,804,BS in Computer Science,Post Secondary Education,5/16/28
1043,804,Data Analytics Certificate,Award/Certificate,5/16/26
1044,805,Apprentice Technician,STEAM Job,4/2/24
1045,806,Software Engineer I,STEAM Job,6/29/24
1046,806,BS in Information Systems,Post Secondary Education,5/30/24
1047,806,Mentorship Program,Internship/Mentorship,6/3/24
1048,807,AS in Information Systems,Post Secondary Education,1/27/25
1049,808,High School Diploma,Schooling,6/14/29
1050,808,Lifeguard,Non-STEAM Job,12/5/24
1051,809,Camp Counselor,Non-STEAM Job,3/7/26
1052,810,AAS in Drafting & Design,Post Secondary Education,8/8/25
1053,811,Junior Art Assistant,STEAM Job,7/5/25
1054,812,Competition Award,Award/Certificate,11/4/22
1055,813,MS in Information Systems,Post Secondary Education,2/5/27
1056,813,Product Designer,STEAM Job,3/7/27
1057,814,Camp Counselor,Non-STEAM Job,9/2/22
1058,814,Competition Award,Award/Certificate,6/6/24
1059,815,Published Project,Project,1/9/25
1060,817,IT Support Certificate,Award/Certificate,6/15/30
1061,818,High School Diploma,Schooling,2/2/31
1062,818,Published Project,Project,2/19/23
1063,818,Systems Analyst,STEAM Job,2/2/35
1064,819,MS in Data Science,Post Secondary Education,7/19/36
1065,820,Mentorship Program,Internship/Mentorship,1/2/24
1066,821,Mentorship Program,Internship/Mentorship,4/30/23
1067,822,Middle School Diploma,Schooling,12/3/23
1068,823,Competition Award,Award/Certificate,6/24/25
1069,825,IT Support Certificate,Award/Certificate,12/18/24
1070,825,Mentorship Program,Internship/Mentorship,4/13/25
1071,826,Clinical Data Coordinator,STEAM Job,6/25/24
1072,826,Lab Assistant,STEAM Job,12/13/25
1073,826,AA in Art & Design,Post Secondary Education,12/31/25
1074,827,MBA,Post Secondary Education,7/22/24
1075,828,Published Project,Project,3/12/22
1076,829,MS in Data Science,Post Secondary Education,7/30/24
1077,830,AS in Computer Science,Post Secondary Education,7/6/32
1078,831,BS in Data Analytics,Post Secondary Education,4/30/26
1079,831,High School Diploma,Schooling,11/6/24
1080,832,Middle School Diploma,Schooling,3/11/24
1081,832,Studio Assistant,STEAM Job,3/1/24
1082,833,Web Development Certificate,Award/Certificate,1/20/27
1083,834,Middle School Diploma,Schooling,3/21/22
1084,835,Web Development Certificate,Award/Certificate,8/25/25
1085,836,Middle School Diploma,Schooling,7/12/27
1086,836,Internship,Internship/Mentorship,11/27/25
1087,837,Web Development Certificate,Award/Certificate,12/1/24
1088,837,Data Analyst,STEAM Job,7/9/24
1089,838,Data Analyst,STEAM Job,11/26/28
1090,839,BA in Studio Arts,Post Secondary Education,6/11/24
1091,839,Lab Assistant,STEAM Job,9/19/23
1092,840,MS in Information Systems,Post Secondary Education,8/20/32
1093,841,Mentorship Program,Internship/Mentorship,12/4/25
1094,841,Published Project,Project,5/8/24
1095,842,Competition Award,Award/Certificate,6/9/24
1096,843,MFA in Studio Arts,Post Secondary Education,3/8/30
1097,843,Internship,Internship/Mentorship,2/11/23
1098,844,Middle School Diploma,Schooling,4/24/24
1099,845,High School Diploma,Schooling,7/17/25
1100,846,MBA,Post Secondary Education,9/18/28
1101,847,Middle School Diploma,Schooling,5/13/26
1102,848,AAS in Drafting & Design,Post Secondary Education,9/15/24
1103,849,Studio Assistant,STEAM Job,2/23/29
1104,850,AAS in Drafting & Design,Post Secondary Education,2/9/27
1105,851,Mentorship Program,Internship/Mentorship,7/10/25
1106,851,Middle School Diploma,Schooling,5/8/25
1107,852,BS in Mechanical Engineering,Post Secondary Education,12/21/25
1108,852,Published Project,Project,6/5/23
1109,854,Competition Award,Award/Certificate,4/18/24
1110,855,Digital Illustration Certificate,Award/Certificate,7/9/25
1111,856,Competition Award,Award/Certificate,7/31/23
1112,857,Digital Illustration Certificate,Award/Certificate,6/28/31
1113,858,MBA,Post Secondary Education,7/5/22
1114,859,Published Project,Project,4/3/23
1115,859,Internship,Internship/Mentorship,10/24/23
1116,860,BA in Studio Arts,Post Secondary Education,8/18/28
1117,861,Internship,Internship/Mentorship,12/1/24
1118,862,Systems Analyst,STEAM Job,1/20/26
1119,862,Middle School Diploma,Schooling,1/23/26
1120,863,AS in Computer Science,Post Secondary Education,11/26/26
1121,863,High School Diploma,Schooling,11/26/25
1122,864,High School Diploma,Schooling,5/30/27
1123,864,AS in Information Systems,Post Secondary Education,5/30/28
1124,865,Digital Illustration Certificate,Award/Certificate,1/21/26
1125,865,Lab Assistant,STEAM Job,3/11/26
1126,866,Internship,Internship/Mentorship,1/20/24
1127,866,Published Project,Project,11/26/23
1128,867,Retail Assistant,Non-STEAM Job,9/23/23
1129,868,Lab Assistant,STEAM Job,12/17/29
1130,868,Middle School Diploma,Schooling,12/17/25
1131,869,Competition Award,Award/Certificate,10/6/22
1132,870,Lifeguard,Non-STEAM Job,11/10/25
1133,870,Middle School Diploma,Schooling,5/12/26
1134,871,Web Development Certificate,Award/Certificate,2/23/22
1135,872,Internship,Internship/Mentorship,1/6/26
1136,874,Clinical Data Coordinator,STEAM Job,11/30/24
1137,875,Camp Counselor,Non-STEAM Job,2/14/24
1138,875,Mentorship Program,Internship/Mentorship,7/3/23
1139,876,BS in Data Analytics,Post Secondary Education,9/20/23
1140,877,Competition Award,Award/Certificate,9/9/24
1141,878,Mentorship Program,Internship/Mentorship,12/24/23
1142,879,Software Engineer I,STEAM Job,9/26/28
1143,881,AA in Art & Design,Post Secondary Education,9/10/29
1144,882,Published Project,Project,4/25/25
1145,883,BS in Information Systems,Post Secondary Education,9/3/29
1146,884,Apprentice Technician,STEAM Job,12/6/24
1147,885,Lifeguard,Non-STEAM Job,11/5/24
1148,885,Mentorship Program,Internship/Mentorship,12/10/24
1149,886,BS in Information Systems,Post Secondary Education,1/25/28
1150,887,Competition Award,Award/Certificate,6/19/26
1151,889,AS in Computer Science,Post Secondary Education,3/30/25
1152,890,Digital Illustration Certificate,Award/Certificate,12/16/25
1153,890,High School Diploma,Schooling,9/17/25
1154,892,Mentorship Program,Internship/Mentorship,6/5/22
1155,893,High School Diploma,Schooling,9/22/26
1156,894,Middle School Diploma,Schooling,3/11/22
1157,895,Data Analytics Certificate,Award/Certificate,11/29/24
1158,896,Junior Art Assistant,STEAM Job,9/30/23
1159,897,High School Diploma,Schooling,2/3/25
1160,898,Mentorship Program,Internship/Mentorship,9/26/23
1161,899,Customer Support Rep,Non-STEAM Job,8/2/27
1162,900,AA in Art & Design,Post Secondary Education,4/10/27
1163,901,Competition Award,Award/Certificate,10/4/24
1164,902,Mentorship Program,Internship/Mentorship,5/11/25
1165,903,Systems Analyst,STEAM Job,9/7/25
1166,904,BS in Information Systems,Post Secondary Education,11/12/25
1167,905,AS in Information Systems,Post Secondary Education,6/22/25
1168,906,Internship,Internship/Mentorship,8/26/24
1169,906,MS in Data Science,Post Secondary Education,11/11/24
1170,907,High School Diploma,Schooling,6/4/25
1171,908,BA in Studio Arts,Post Secondary Education,4/29/26
1172,908,Mentorship Program,Internship/Mentorship,1/18/26
1173,909,Software Engineer I,STEAM Job,7/3/22
1174,911,Mentorship Program,Internship/Mentorship,12/15/25
1175,912,Competition Award,Award/Certificate,12/19/25
1176,913,Mentorship Program,Internship/Mentorship,9/4/23
1177,914,Junior Art Assistant,STEAM Job,9/18/24
1178,915,Lab Assistant,STEAM Job,9/16/25
1179,916,Internship,Internship/Mentorship,12/3/24
1180,917,Internship,Internship/Mentorship,12/4/23
1181,918,BS in Information Systems,Post Secondary Education,1/29/33
1182,919,Internship,Internship/Mentorship,3/16/23
1183,920,Junior Art Assistant,STEAM Job,6/9/22
1184,921,Middle School Diploma,Schooling,5/9/23
1185,922,Retail Assistant,Non-STEAM Job,7/29/23
1186,923,MBA,Post Secondary Education,4/21/24
1187,924,Junior Art Assistant,STEAM Job,10/1/24
1188,925,Middle School Diploma,Schooling,3/6/27
1189,926,AAS in Drafting & Design,Post Secondary Education,10/30/25
1190,927,High School Diploma,Schooling,6/30/23
1191,928,Customer Support Rep,Non-STEAM Job,6/18/24
1192,929,Middle School Diploma,Schooling,3/29/23
1193,930,Data Analyst,STEAM Job,7/19/28
1194,930,MS in Information Systems,Post Secondary Education,6/19/28
1195,931,Published Project,Project,12/1/24
1196,932,Junior Art Assistant,STEAM Job,3/5/24
1197,933,BS in Information Systems,Post Secondary Education,11/29/31
1198,934,High School Diploma,Schooling,8/27/25
1199,935,BS in Data Analytics,Post Secondary Education,12/21/25
1200,935,Apprentice Technician,STEAM Job,12/21/22
1201,936,Middle School Diploma,Schooling,3/25/23
1202,937,Apprentice Technician,STEAM Job,9/20/22
1203,938,Lab Assistant,STEAM Job,3/13/25
1204,938,Internship,Internship/Mentorship,11/19/24
1205,938,Published Project,Project,6/26/25
1206,938,Mentorship Program,Internship/Mentorship,1/11/25
1207,939,AS in Information Systems,Post Secondary Education,3/16/25
1208,940,BS in Data Analytics,Post Secondary Education,5/16/25
1209,941,MS in Information Systems,Post Secondary Education,7/19/35
1210,941,Mentorship Program,Internship/Mentorship,4/21/23
1211,941,Published Project,Project,10/7/22
1212,941,Internship,Internship/Mentorship,11/6/22
1213,942,BS in Data Analytics,Post Secondary Education,10/22/22
1214,943,MFA in Studio Arts,Post Secondary Education,7/12/23
1215,943,Internship,Internship/Mentorship,12/9/25
1216,943,Middle School Diploma,Schooling,9/1/25
1217,944,Software Engineer I,STEAM Job,5/16/25
1218,945,Systems Analyst,STEAM Job,8/24/24
1219,946,Competition Award,Award/Certificate,4/19/24
1220,946,Internship,Internship/Mentorship,3/16/24
1221,947,Competition Award,Award/Certificate,2/29/24
1222,948,BS in Computer Science,Post Secondary Education,2/17/25
1223,949,High School Diploma,Schooling,8/9/22
1224,949,Junior Art Assistant,STEAM Job,5/15/22
1225,951,BS in Data Analytics,Post Secondary Education,5/31/28
1226,952,Competition Award,Award/Certificate,7/27/25
1227,953,IT Support Certificate,Award/Certificate,9/5/22
1228,954,Data Analytics Certificate,Award/Certificate,12/23/24
1229,954,BS in Computer Science,Post Secondary Education,4/29/25
1230,955,Mentorship Program,Internship/Mentorship,3/23/26
1231,956,Competition Award,Award/Certificate,8/1/23
1232,956,Mentorship Program,Internship/Mentorship,5/15/23
1233,956,Software Engineer I,STEAM Job,2/10/26
1234,958,BS in Information Systems,Post Secondary Education,6/30/23
1235,958,Competition Award,Award/Certificate,2/6/23
1236,959,Published Project,Project,6/4/23
1237,960,Junior QA Tester,STEAM Job,7/4/24
1238,961,Mentorship Program,Internship/Mentorship,5/24/22
1239,962,Digital Illustration Certificate,Award/Certificate,3/16/32
1240,962,Internship,Internship/Mentorship,10/30/24
1241,962,Mentorship Program,Internship/Mentorship,9/10/24
1242,963,Published Project,Project,11/17/24
1243,964,Software Engineer I,STEAM Job,3/18/30
1244,965,Digital Illustration Certificate,Award/Certificate,9/26/25
1245,965,Competition Award,Award/Certificate,4/5/25
1246,966,Internship,Internship/Mentorship,8/6/23
1247,967,Competition Award,Award/Certificate,9/1/22
1248,968,Published Project,Project,9/7/25
1249,970,IT Support Certificate,Award/Certificate,9/22/26
1250,970,IT Help Desk Trainee,STEAM Job,9/28/22
1251,971,Camp Counselor,Non-STEAM Job,11/11/24
1252,972,High School Diploma,Schooling,11/9/22
1253,973,Internship,Internship/Mentorship,9/1/24
1254,974,High School Diploma,Schooling,6/30/29
1255,975,Studio Assistant,STEAM Job,11/9/28
1256,975,BS in Information Systems,Post Secondary Education,11/9/31
1257,976,MS in Information Systems,Post Secondary Education,1/25/31
1258,977,Middle School Diploma,Schooling,6/5/25
1259,978,Mentorship Program,Internship/Mentorship,7/28/26
1260,978,Competition Award,Award/Certificate,1/19/26
1261,979,Lab Assistant,STEAM Job,11/26/30
1262,980,Retail Assistant,Non-STEAM Job,4/23/25
1263,980,Junior QA Tester,STEAM Job,7/1/25
1264,981,MFA in Studio Arts,Post Secondary Education,3/12/35
1265,982,MS in Information Systems,Post Secondary Education,11/6/24
1266,983,BS in Data Analytics,Post Secondary Education,10/9/24
1267,983,Internship,Internship/Mentorship,3/21/24
1268,984,Competition Award,Award/Certificate,7/18/23
1269,985,MFA in Studio Arts,Post Secondary Education,12/12/24
1270,986,High School Diploma,Schooling,8/26/23
1271,987,Published Project,Project,12/19/22
1272,988,Mentorship Program,Internship/Mentorship,2/12/24
1273,989,Mentorship Program,Internship/Mentorship,1/29/25
1274,989,IT Help Desk Trainee,STEAM Job,10/28/25
1275,990,Digital Illustration Certificate,Award/Certificate,12/11/30
1276,991,Junior QA Tester,STEAM Job,5/17/26
1277,991,High School Diploma,Schooling,4/17/26
1278,991,Retail Assistant,Non-STEAM Job,8/24/25
1279,992,MBA,Post Secondary Education,10/20/23
1280,992,Published Project,Project,10/20/23
1281,993,Published Project,Project,12/30/24
1282,994,Published Project,Project,1/18/25
1283,995,Product Designer,STEAM Job,3/19/26
1284,996,Published Project,Project,9/19/24
1285,997,Competition Award,Award/Certificate,10/2/22
1286,998,High School Diploma,Schooling,9/29/22
1287,999,Studio Assistant,STEAM Job,6/22/23
1288,1000,Data Analyst,STEAM Job,7/22/27
1289,1000,Middle School Diploma,Schooling,5/1/22
1290,1001,MS in Data Science,Post Secondary Education,11/10/26
1291,1001,Published Project,Project,2/19/25
1292,1002,Web Development Certificate,Award/Certificate,2/20/24
1293,1003,High School Diploma,Schooling,8/25/31
1294,1005,AA in Art & Design,Post Secondary Education,6/6/27
1295,1005,Lifeguard,Non-STEAM Job,10/29/25
1296,1006,BS in Information Systems,Post Secondary Education,9/18/28
1297,1006,Internship,Internship/Mentorship,11/18/24
1298,1007,BS in Mechanical Engineering,Post Secondary Education,9/15/23
1299,1008,Published Project,Project,7/7/22
1300,1008,High School Diploma,Schooling,12/2/23
1301,1009,Clinical Data Coordinator,STEAM Job,4/18/22
1302,1010,Mentorship Program,Internship/Mentorship,8/23/24
1303,1011,Internship,Internship/Mentorship,3/6/24
1304,1012,Data Analyst,STEAM Job,8/13/25
1305,1013,AS in Information Systems,Post Secondary Education,10/27/32
1306,1013,Internship,Internship/Mentorship,3/31/23
1307,1014,Mentorship Program,Internship/Mentorship,1/2/24
1308,1015,BS in Information Systems,Post Secondary Education,9/18/22
1309,1015,MS in Information Systems,Post Secondary Education,9/18/24
1310,1016,Published Project,Project,1/24/22
1311,1017,IT Support Certificate,Award/Certificate,6/28/24
1312,1017,Internship,Internship/Mentorship,1/10/24
1313,1017,Junior QA Tester,STEAM Job,11/20/23
1314,1018,Camp Counselor,Non-STEAM Job,5/16/22
1315,1019,AS in Information Systems,Post Secondary Education,4/7/24
1316,1020,Mentorship Program,Internship/Mentorship,1/10/25
1317,1021,Middle School Diploma,Schooling,8/14/24
1318,1022,IT Help Desk Trainee,STEAM Job,11/8/23
1319,1024,Customer Support Rep,Non-STEAM Job,12/30/24
1320,1024,Published Project,Project,9/1/25
1321,1025,MS in Information Systems,Post Secondary Education,11/16/25
1322,1026,Customer Support Rep,Non-STEAM Job,8/31/29
1323,1027,High School Diploma,Schooling,1/13/25
1324,1028,Published Project,Project,6/17/23
1325,1029,Clinical Data Coordinator,STEAM Job,9/14/22
1326,1030,Mentorship Program,Internship/Mentorship,8/9/22
1327,1030,AAS in Drafting & Design,Post Secondary Education,3/13/22
1328,1030,Clinical Data Coordinator,STEAM Job,2/19/25
1329,1031,MBA,Post Secondary Education,6/22/27
1330,1031,AS in Information Systems,Post Secondary Education,2/18/25
1331,1032,MFA in Studio Arts,Post Secondary Education,9/16/26
1332,1032,Competition Award,Award/Certificate,4/15/25
1333,1033,Data Analyst,STEAM Job,11/23/27
1334,1033,Digital Illustration Certificate,Award/Certificate,11/12/24
1335,1033,MFA in Studio Arts,Post Secondary Education,10/24/27
1336,1034,Middle School Diploma,Schooling,10/5/25
1337,1035,BS in Mechanical Engineering,Post Secondary Education,6/29/34
1338,1036,Published Project,Project,12/10/23
1339,1037,Junior QA Tester,STEAM Job,4/24/28
1340,1038,Digital Illustration Certificate,Award/Certificate,10/15/22
1341,1039,High School Diploma,Schooling,6/12/25
1342,1039,Systems Analyst,STEAM Job,9/16/25
1343,1040,High School Diploma,Schooling,12/21/25
1344,1040,MBA,Post Secondary Education,12/21/30
1345,1040,Junior Art Assistant,STEAM Job,7/3/22
1346,1041,Internship,Internship/Mentorship,5/4/24
1347,1042,AS in Information Systems,Post Secondary Education,1/4/32
1348,1042,Apprentice Technician,STEAM Job,1/4/31
1349,1042,MBA,Post Secondary Education,1/4/36
1350,1043,Mentorship Program,Internship/Mentorship,11/22/23
1351,1044,BS in Computer Science,Post Secondary Education,11/11/24
1352,1045,BS in Mechanical Engineering,Post Secondary Education,4/3/26
1353,1046,Competition Award,Award/Certificate,10/13/25
1354,1047,Published Project,Project,12/2/23
1355,1048,Published Project,Project,9/24/24
1356,1050,Digital Illustration Certificate,Award/Certificate,11/10/24
1357,1051,Lab Assistant,STEAM Job,3/5/30
1358,1052,Competition Award,Award/Certificate,4/13/22
1359,1053,Middle School Diploma,Schooling,4/15/25
1360,1054,Published Project,Project,9/5/25
1361,1055,BS in Data Analytics,Post Secondary Education,3/17/31
1362,1055,Middle School Diploma,Schooling,3/14/25
1363,1056,Middle School Diploma,Schooling,5/17/23
1364,1057,Studio Assistant,STEAM Job,3/12/24
1365,1058,MFA in Studio Arts,Post Secondary Education,5/3/23
1366,1059,Published Project,Project,2/12/22
1367,1060,MBA,Post Secondary Education,2/13/29
1368,1061,Internship,Internship/Mentorship,8/28/24
1369,1061,Published Project,Project,5/11/24
1370,1061,Junior Art Assistant,STEAM Job,10/26/24
1371,1063,High School Diploma,Schooling,9/24/31
1372,1063,BS in Mechanical Engineering,Post Secondary Education,9/24/34
1373,1064,Published Project,Project,11/8/23
1374,1065,Internship,Internship/Mentorship,6/14/22
1375,1066,High School Diploma,Schooling,3/25/30
1376,1067,High School Diploma,Schooling,9/5/25
1377,1067,AA in Art & Design,Post Secondary Education,12/14/25
1378,1067,IT Support Certificate,Award/Certificate,12/4/25
1379,1068,Published Project,Project,9/10/24
1380,1068,MBA,Post Secondary Education,11/9/33
1381,1069,AA in Art & Design,Post Secondary Education,6/17/26
1382,1070,Middle School Diploma,Schooling,3/10/25
1383,1071,Middle School Diploma,Schooling,10/27/25
1384,1072,AS in Computer Science,Post Secondary Education,8/10/25
1385,1072,Apprentice Technician,STEAM Job,9/9/24
1386,1072,IT Support Certificate,Award/Certificate,8/10/25
1387,1072,High School Diploma,Schooling,8/10/24
1388,1073,IT Support Certificate,Award/Certificate,10/6/22
1389,1073,Mentorship Program,Internship/Mentorship,9/13/22
1390,1074,AS in Information Systems,Post Secondary Education,8/15/22
1391,1075,Camp Counselor,Non-STEAM Job,7/8/24
1392,1076,MS in Information Systems,Post Secondary Education,4/4/31
1393,1076,Software Engineer I,STEAM Job,5/4/31
1394,1077,Competition Award,Award/Certificate,2/7/25
1395,1078,Published Project,Project,5/5/23
1396,1079,Middle School Diploma,Schooling,5/11/27
1397,1079,High School Diploma,Schooling,5/11/31
1398,1080,Web Development Certificate,Award/Certificate,7/7/22
1399,1080,BS in Mechanical Engineering,Post Secondary Education,8/27/22
1400,1081,Customer Support Rep,Non-STEAM Job,3/19/24
1401,1082,MS in Data Science,Post Secondary Education,3/14/23
1402,1083,Competition Award,Award/Certificate,1/10/23
1403,1084,Middle School Diploma,Schooling,7/18/22
1404,1085,Junior Art Assistant,STEAM Job,11/11/23
1405,1086,High School Diploma,Schooling,8/31/24
1406,1086,IT Help Desk Trainee,STEAM Job,3/4/24
1407,1087,High School Diploma,Schooling,4/26/30
1408,1088,High School Diploma,Schooling,8/1/29
1409,1088,BA in Studio Arts,Post Secondary Education,8/1/32
1410,1089,Lifeguard,Non-STEAM Job,4/18/24
1411,1089,Studio Assistant,STEAM Job,11/5/24
1412,1090,Apprentice Technician,STEAM Job,3/4/22
1413,1090,Competition Award,Award/Certificate,10/26/22
1414,1091,High School Diploma,Schooling,5/7/27
1415,1091,BS in Mechanical Engineering,Post Secondary Education,5/7/30
1416,1092,AAS in Drafting & Design,Post Secondary Education,10/30/26
1417,1092,IT Support Certificate,Award/Certificate,10/30/26
1418,1093,MS in Data Science,Post Secondary Education,8/30/24
1419,1094,MFA in Studio Arts,Post Secondary Education,10/27/29
1420,1095,Published Project,Project,4/15/24
1421,1095,Lifeguard,Non-STEAM Job,5/31/25
1422,1095,Mentorship Program,Internship/Mentorship,6/13/25
1423,1096,BS in Computer Science,Post Secondary Education,2/17/24
1424,1097,AS in Information Systems,Post Secondary Education,5/23/25
1425,1097,BS in Computer Science,Post Secondary Education,8/11/23
1426,1098,Mentorship Program,Internship/Mentorship,8/14/25
1427,1099,Mentorship Program,Internship/Mentorship,3/8/25
1428,1100,Mentorship Program,Internship/Mentorship,7/1/24
1429,1101,Mentorship Program,Internship/Mentorship,11/1/25
1430,1101,Middle School Diploma,Schooling,11/8/25
1431,1102,Lifeguard,Non-STEAM Job,1/25/25
1432,1103,BS in Computer Science,Post Secondary Education,8/12/26
1433,1103,Mentorship Program,Internship/Mentorship,2/12/23
1434,1104,Data Analytics Certificate,Award/Certificate,4/15/25
1435,1104,Lifeguard,Non-STEAM Job,6/2/25
1436,1105,Mentorship Program,Internship/Mentorship,3/22/23
1437,1106,Competition Award,Award/Certificate,3/9/24
1438,1107,Published Project,Project,6/28/26
1439,1109,Mentorship Program,Internship/Mentorship,10/19/23
1440,1109,Lifeguard,Non-STEAM Job,4/22/24
1441,1109,BS in Mechanical Engineering,Post Secondary Education,5/27/33
1442,1110,High School Diploma,Schooling,12/8/23
1443,1110,Retail Assistant,Non-STEAM Job,9/10/22
1444,1110,Middle School Diploma,Schooling,12/8/22
1445,1111,Studio Assistant,STEAM Job,8/8/24
1446,1112,Junior QA Tester,STEAM Job,1/6/29
1447,1113,Published Project,Project,3/27/23
1448,1114,Published Project,Project,8/18/22
1449,1115,High School Diploma,Schooling,1/30/26
1450,1115,BS in Computer Science,Post Secondary Education,7/24/27
1451,1115,Middle School Diploma,Schooling,1/30/25
1452,1116,Published Project,Project,11/11/23
1453,1117,Systems Analyst,STEAM Job,10/26/30
1454,1117,Data Analytics Certificate,Award/Certificate,10/26/27
1455,1118,Middle School Diploma,Schooling,1/19/24
1456,1119,Web Development Certificate,Award/Certificate,11/29/21
1457,1120,Data Analytics Certificate,Award/Certificate,11/12/30
1458,1121,Internship,Internship/Mentorship,11/27/23
1459,1122,Studio Assistant,STEAM Job,9/5/31
1460,1123,AS in Computer Science,Post Secondary Education,6/18/30
1461,1124,MS in Information Systems,Post Secondary Education,7/21/33
1462,1125,Lab Assistant,STEAM Job,7/6/27
1463,1125,High School Diploma,Schooling,6/6/27
1464,1126,Competition Award,Award/Certificate,3/26/26
1465,1133,High School Diploma,Schooling,4/17/23
1466,1141,Internship,Internship/Mentorship,5/25/24
1467,1144,BS in Data Analytics,Post Secondary Education,10/8/25
1468,1145,Customer Support Rep,Non-STEAM Job,1/23/28
1469,1145,Published Project,Project,6/10/23
1470,1152,Published Project,Project,3/4/25
1471,1154,Middle School Diploma,Schooling,3/13/25
1472,1159,High School Diploma,Schooling,4/7/30
1473,1160,Internship,Internship/Mentorship,12/13/25
1474,1162,BS in Data Analytics,Post Secondary Education,9/26/32
1475,1166,High School Diploma,Schooling,1/2/27
1476,1169,Internship,Internship/Mentorship,9/26/26
1477,1170,Published Project,Project,3/11/27
1478,1173,Mentorship Program,Internship/Mentorship,1/19/26
1479,1176,Competition Award,Award/Certificate,6/6/26
1480,1176,MBA,Post Secondary Education,2/16/28